Bailey.Siglar9099CIHEI,Performance123!
Carey.Bridgewater4972SCWNX,Performance123!
Coline.Officer5959TIOVP,Performance123!
Davis.Deremiah8562RSCSJ,Performance123!
Delbert.Gangi7365BXTRR,Performance123!
Gertrude.Dedon9396SRCPP,Performance123!
Lara.Jarnigan8477OWAWC,Performance123!
Lexi.Verna5316CWIXT,Performance123!
Nanda.Pigford2570DZUBR,Performance123!
Nina.Akerman7675JLFPB,Performance123!
Omari.Mcshea6376VISUZ,Performance123!
Lorrie.Demond7805PUDCC,Performance123!
Lorene.Fross4382UADUT,Performance123!
Cornelia.Juhasz4414LQEZT,Performance123!
Bailey.Siglar9099CIHEI,Performance123!